epoch,timestamp,elapsed_s,kl_weight,curriculum_start_t_min,curriculum_horizon,curriculum_w_roll_pose,train_filter_col_acc,train_filter_col_entropy,train_filter_heading_acc,train_filter_heading_entropy,train_filter_joint_acc,train_filter_row_acc,train_filter_row_entropy,train_kl_weight,train_loss_collision,train_loss_context_stability,train_loss_kl_context,train_loss_kl_vfe,train_loss_logvar_coupling,train_loss_pose,train_loss_recon,train_loss_roll_collision,train_loss_roll_pose,train_loss_roll_recon,train_loss_roll_stay,train_loss_total,train_roll_col_acc,train_roll_heading_acc,train_roll_joint_acc,train_roll_row_acc,train_rollout_horizon,train_rollout_start_t_min,val_filter_col_acc,val_filter_col_entropy,val_filter_heading_acc,val_filter_heading_entropy,val_filter_joint_acc,val_filter_row_acc,val_filter_row_entropy,val_kl_weight,val_loss_collision,val_loss_context_stability,val_loss_kl_context,val_loss_kl_vfe,val_loss_logvar_coupling,val_loss_pose,val_loss_recon,val_loss_roll_collision,val_loss_roll_pose,val_loss_roll_recon,val_loss_roll_stay,val_loss_total,val_roll_col_acc,val_roll_heading_acc,val_roll_joint_acc,val_roll_row_acc,val_rollout_horizon,val_rollout_start_t_min
1,2026-06-22 07:50:21,97.51,0.2,4,3,0.5,0.588583,1.229872,0.531648,1.055285,0.233766,0.618671,1.107466,0.2,0.771463,0.522969,14.341982,15.09733,-0.632878,3.228482,0.190183,0.905433,4.189145,0.237618,0.606092,9.39893,0.529684,0.403339,0.11352,0.583481,3.0,4.0,0.825049,0.638063,0.815662,0.515411,0.552722,0.810962,0.548268,0.2,0.765646,0.205152,32.798679,29.211606,-0.463717,1.512654,0.090184,1.035516,3.282542,0.19918,0.913344,5.64789,0.65638,0.535938,0.143229,0.669792,3.0,4.0
2,2026-06-22 07:50:55,33.68,0.4,4,3,0.5,0.921518,0.362207,0.912342,0.309224,0.789635,0.920372,0.318823,0.4,0.487293,0.686385,41.814023,36.729042,-0.540526,0.712415,0.090938,0.702779,2.735785,0.206301,0.930919,3.91276,0.674128,0.56977,0.212825,0.716445,3.0,4.0,0.984595,0.126585,0.976465,0.108413,0.946277,0.976697,0.127692,0.4,0.162318,0.449661,61.445088,35.435538,-0.46988,0.233228,0.067228,0.415639,1.965299,0.173788,0.8324,2.415126,0.755599,0.728255,0.401953,0.766927,3.0,4.0
3,2026-06-22 07:51:29,33.79,0.6,4,3,0.5,0.989489,0.079477,0.990053,0.062142,0.970329,0.987583,0.072467,0.6,0.092843,0.720012,47.836909,27.799062,-0.50502,0.11857,0.080778,0.331859,1.538872,0.171775,0.674946,2.000822,0.781693,0.861584,0.528901,0.792021,3.0,4.0,0.992273,0.039717,0.99187,0.031834,0.982007,0.994336,0.035488,0.6,0.050683,0.516734,47.169233,18.378504,-0.656196,0.085119,0.040976,0.236447,1.042637,0.125298,0.371887,1.407242,0.857943,0.96224,0.664974,0.814193,3.0,4.0
4,2026-06-22 07:52:03,33.73,0.8,4,3,0.5,0.996151,0.034968,0.997065,0.021573,0.989346,0.995495,0.031196,0.8,0.047416,0.755302,39.787256,17.39726,-0.416169,0.043211,0.074058,0.214898,0.934369,0.135356,0.372053,1.399048,0.838564,0.971114,0.686037,0.850502,3.0,4.0,0.99823,0.017909,0.99884,0.010478,0.995068,0.997754,0.018329,0.8,0.022541,0.402169,38.869072,11.157226,-0.660065,0.021472,0.033309,0.136592,0.616609,0.083426,0.188031,0.953252,0.889974,0.988932,0.793229,0.904557,3.0,4.0
5,2026-06-22 07:52:37,33.98,1.0,4,3,0.5,0.998043,0.021617,0.998219,0.013066,0.9941,0.997583,0.018294,1.0,0.034181,0.729391,33.903537,12.284031,-0.386951,0.023927,0.06975,0.158531,0.734027,0.112609,0.301007,1.204871,0.869858,0.98419,0.749143,0.877216,3.0,4.0,0.998657,0.012288,0.999451,0.006274,0.996948,0.998779,0.009658,1.0,0.017797,0.421651,31.491174,7.087557,-0.578267,0.013983,0.029115,0.118618,0.547146,0.072951,0.248533,0.880294,0.906771,0.996094,0.813932,0.90651,3.0,4.0
6,2026-06-22 07:53:11,33.89,1.0,4,3,0.5,0.998739,0.014925,0.998857,0.009204,0.996055,0.998361,0.013073,1.0,0.027432,0.671637,31.190545,9.066557,-0.313248,0.016528,0.066114,0.130788,0.608277,0.10137,0.242065,1.008194,0.895863,0.989066,0.784368,0.889465,3.0,4.0,0.998645,0.008879,0.99939,0.005741,0.997485,0.999451,0.006487,1.0,0.01535,0.419204,28.538736,5.316074,-0.518311,0.010651,0.024828,0.145344,0.464566,0.063718,0.153831,0.748081,0.925651,0.989583,0.841276,0.921745,3.0,4.0
7,2026-06-22 07:53:45,33.96,1.0,4,3,0.5,0.998913,0.011886,0.99895,0.007441,0.996698,0.998676,0.010076,1.0,0.025141,0.684617,29.464615,7.049757,-0.303187,0.013386,0.063653,0.120805,0.504764,0.094498,0.198339,0.876646,0.913298,0.990499,0.827231,0.915677,3.0,4.0,0.99939,0.007024,0.99823,0.006123,0.997339,0.999658,0.005952,1.0,0.013413,0.360846,26.946764,3.668234,-0.53639,0.010172,0.021414,0.091701,0.290236,0.038388,0.086471,0.568387,0.970964,0.992188,0.913151,0.948047,3.0,4.0
8,2026-06-22 07:54:19,33.93,1.0,4,3,0.5,0.999151,0.00897,0.999487,0.005711,0.997502,0.998816,0.007894,1.0,0.021954,0.671193,27.388297,5.533686,-0.292124,0.01034,0.061085,0.098103,0.406334,0.083305,0.157598,0.749237,0.930009,0.994533,0.865795,0.935934,3.0,4.0,0.999207,0.006706,0.999329,0.003359,0.997925,0.99939,0.005826,1.0,0.011622,0.340637,25.945555,2.885952,-0.468811,0.009311,0.020956,0.077594,0.265862,0.037471,0.13288,0.53827,0.974609,0.999349,0.934115,0.959505,3.0,4.0
9,2026-06-22 07:54:53,33.91,1.0,4,3,0.5,0.999363,0.0069,0.999321,0.005097,0.997901,0.999093,0.006416,1.0,0.020955,0.674328,25.129519,4.471459,-0.257619,0.008896,0.059943,0.097118,0.331253,0.07792,0.144226,0.661052,0.947163,0.995715,0.894607,0.947148,3.0,4.0,0.998853,0.005777,0.99939,0.005439,0.997449,0.999084,0.004009,1.0,0.009601,0.335311,24.071224,2.199181,-0.478971,0.010361,0.018031,0.057961,0.214344,0.030055,0.073359,0.457645,0.9625,1.0,0.929818,0.966667,3.0,4.0
10,2026-06-22 07:55:27,34.04,1.0,4,3,0.5,0.999289,0.006499,0.999107,0.005213,0.997496,0.998975,0.005687,1.0,0.019891,0.660428,24.069311,3.799399,-0.247652,0.009756,0.058456,0.081871,0.317752,0.074514,0.134948,0.623737,0.953118,0.995124,0.903295,0.949956,3.0,4.0,0.999512,0.00392,0.999512,0.002658,0.998779,0.999756,0.002924,1.0,0.009046,0.276941,23.610933,1.56091,-0.468091,0.00421,0.016381,0.071752,0.158714,0.026732,0.057321,0.395402,0.980469,1.0,0.954948,0.974479,3.0,4.0
11,2026-06-22 07:56:04,36.0,1.0,6,5,1.0,0.999661,0.005185,0.999605,0.003104,0.998795,0.999494,0.004711,1.0,0.018187,0.694001,27.09519,3.103927,-0.250309,0.005317,0.056593,0.139806,0.387923,0.073359,0.233226,1.04542,0.942731,0.99672,0.882039,0.935984,5.0,6.0,1.0,0.002428,0.999939,0.001864,0.999817,0.999878,0.002846,1.0,0.009988,0.316788,27.429979,1.58982,-0.428219,0.00208,0.015506,0.082909,0.282135,0.026105,0.141117,0.738474,0.963203,1.0,0.917891,0.949375,5.0,6.0
12,2026-06-22 07:56:40,36.0,1.0,6,5,1.0,0.999702,0.005526,0.999744,0.003426,0.998943,0.99949,0.004919,1.0,0.019208,0.655674,26.195298,2.985868,-0.197088,0.005339,0.05634,0.114383,0.314277,0.06976,0.191217,0.923951,0.953564,0.998493,0.907926,0.949858,5.0,6.0,1.0,0.002503,0.999939,0.001722,0.999817,0.999878,0.002197,1.0,0.008476,0.345798,24.862708,1.282952,-0.283826,0.001621,0.015152,0.073461,0.255144,0.02549,0.158339,0.691823,0.970156,1.0,0.926875,0.955156,5.0,6.0
13,2026-06-22 07:57:16,35.97,1.0,6,5,1.0,0.999418,0.005565,0.999467,0.003602,0.998241,0.999252,0.005324,1.0,0.018257,0.639336,25.076468,2.857592,-0.17529,0.007269,0.056208,0.105919,0.266979,0.066478,0.153501,0.841132,0.964557,0.999379,0.925674,0.957119,5.0,6.0,0.999512,0.002859,1.0,0.002269,0.999231,0.999719,0.002923,1.0,0.008077,0.313969,24.609435,1.202991,-0.296386,0.003434,0.015694,0.079153,0.229784,0.026782,0.151157,0.662201,0.968984,1.0,0.938828,0.965547,5.0,6.0
14,2026-06-22 07:57:52,35.95,1.0,6,5,1.0,0.999197,0.005991,0.999374,0.003519,0.99767,0.999003,0.005346,1.0,0.018201,0.630919,24.286773,2.764363,-0.162569,0.008562,0.056119,0.087585,0.233762,0.065415,0.147407,0.787728,0.968413,0.999025,0.937447,0.966418,5.0,6.0,0.999512,0.004285,0.999512,0.003387,0.99856,0.999353,0.003222,1.0,0.007004,0.318778,23.85708,1.263355,-0.126581,0.00547,0.014251,0.05136,0.18238,0.025259,0.103862,0.582173,0.972344,1.0,0.947344,0.974219,5.0,6.0
15,2026-06-22 07:58:28,36.09,1.0,6,5,1.0,0.999314,0.005502,0.999463,0.003461,0.997946,0.999058,0.005438,1.0,0.017988,0.618224,22.801242,2.600264,-0.123619,0.007846,0.056108,0.078335,0.199131,0.062365,0.122279,0.715422,0.975009,0.998848,0.950594,0.974078,5.0,6.0,0.998901,0.003843,0.999719,0.002471,0.997766,0.999023,0.005136,1.0,0.007131,0.293757,24.215968,1.096832,-0.154504,0.011185,0.014503,0.057802,0.205341,0.022645,0.12366,0.624902,0.976172,1.0,0.947266,0.969141,5.0,6.0
16,2026-06-22 07:59:04,36.0,1.0,6,5,1.0,0.99949,0.005464,0.999134,0.004421,0.997955,0.999303,0.005237,1.0,0.019582,0.631759,22.093754,2.430063,-0.125424,0.007867,0.056113,0.069632,0.175086,0.061986,0.121182,0.677594,0.979202,0.999158,0.956835,0.976046,5.0,6.0,0.999512,0.003223,0.999756,0.001774,0.998901,0.999634,0.003553,1.0,0.01097,0.292862,20.460471,0.824369,-0.114722,0.004019,0.014274,0.045686,0.093796,0.016723,0.064525,0.420372,0.994688,1.0,0.98,0.984922,5.0,6.0
17,2026-06-22 07:59:40,36.09,1.0,6,5,1.0,0.998895,0.006181,0.999044,0.00416,0.996713,0.998608,0.005451,1.0,0.018394,0.601572,20.895602,2.2607,-0.11478,0.012233,0.055542,0.06287,0.145953,0.060233,0.101046,0.62437,0.985284,0.99898,0.968129,0.981516,5.0,6.0,0.998132,0.005166,0.999146,0.004511,0.996362,0.998718,0.004942,1.0,0.006859,0.267527,20.327653,0.837329,-0.221368,0.018191,0.013697,0.036185,0.099819,0.017052,0.075184,0.445026,0.995313,0.998438,0.9825,0.985625,5.0,6.0
18,2026-06-22 08:00:16,35.98,1.0,6,5,1.0,0.999259,0.004745,0.999197,0.003578,0.997804,0.999231,0.004391,1.0,0.018769,0.600909,19.594607,2.061858,-0.104961,0.008143,0.054996,0.062232,0.135283,0.058901,0.093996,0.584288,0.985062,0.999424,0.97008,0.983466,5.0,6.0,0.998193,0.005816,0.999878,0.00233,0.99801,0.999939,0.002723,1.0,0.007026,0.258709,19.306649,0.69936,-0.080877,0.006807,0.012043,0.026623,0.075762,0.015196,0.04503,0.369812,0.994297,1.0,0.981875,0.987578,5.0,6.0
19,2026-06-22 08:00:52,36.03,1.0,6,5,1.0,0.999224,0.004396,0.999695,0.002941,0.998234,0.999252,0.004457,1.0,0.017192,0.590382,18.991949,1.842254,-0.105247,0.007268,0.055147,0.054976,0.115286,0.058168,0.083267,0.5413,0.986445,0.999468,0.973014,0.985949,5.0,6.0,0.998987,0.003788,0.999939,0.001644,0.998743,0.999817,0.001973,1.0,0.006054,0.239682,18.060434,0.590847,-0.073644,0.004467,0.01198,0.038483,0.072542,0.014497,0.045345,0.351152,0.994688,1.0,0.986953,0.991875,5.0,6.0
20,2026-06-22 08:01:28,36.06,1.0,6,5,1.0,0.999167,0.004283,0.999307,0.003115,0.998059,0.999487,0.00346,1.0,0.016706,0.586859,17.267925,1.76921,-0.115153,0.007748,0.055543,0.057799,0.115061,0.058815,0.083256,0.524268,0.988661,0.999025,0.976534,0.986809,5.0,6.0,0.999634,0.002128,0.999353,0.001741,0.998865,0.999878,0.002179,1.0,0.004579,0.213666,16.977849,0.475418,-0.121371,0.004037,0.012084,0.025448,0.055175,0.013633,0.031845,0.300712,0.995078,1.0,0.991953,0.996094,5.0,6.0
21,2026-06-22 08:02:04,36.07,1.0,6,5,1.0,0.999266,0.003772,0.999065,0.003814,0.997146,0.998587,0.004415,1.0,0.018064,0.555622,16.559754,1.763598,-0.089128,0.011339,0.054427,0.049087,0.100547,0.056951,0.075978,0.498842,0.99086,0.999291,0.98,0.988918,5.0,6.0,0.999817,0.00142,0.999817,0.002103,0.999207,0.999573,0.002608,1.0,0.004898,0.237994,14.538649,0.4264,-0.177684,0.003859,0.011398,0.026632,0.040382,0.012045,0.023615,0.255245,0.998047,1.0,0.992578,0.994531,5.0,6.0
22,2026-06-22 08:02:40,36.15,1.0,6,5,1.0,0.999474,0.002727,0.999501,0.002347,0.99858,0.999508,0.003055,1.0,0.017316,0.574181,14.956574,1.508975,-0.1103,0.005298,0.054355,0.045341,0.08102,0.056327,0.052806,0.432873,0.992172,0.999734,0.983271,0.990833,5.0,6.0,1.0,0.000991,1.0,0.001106,0.999451,0.999451,0.001316,1.0,0.003791,0.214901,12.794719,0.314094,-0.174685,0.002719,0.011857,0.027221,0.033145,0.013034,0.026338,0.225929,0.998828,1.0,0.993359,0.994531,5.0,6.0
23,2026-06-22 08:03:17,36.08,1.0,6,5,1.0,0.998597,0.004268,0.998933,0.003346,0.996189,0.998446,0.00408,1.0,0.01757,0.548483,14.78945,1.565626,-0.095816,0.016446,0.054555,0.045901,0.088662,0.056255,0.06435,0.466618,0.990204,0.999778,0.982225,0.991002,5.0,6.0,0.997986,0.004144,0.999756,0.002612,0.997424,0.999683,0.00325,1.0,0.008775,0.204385,16.067136,0.607009,-0.126918,0.0064,0.012934,0.021783,0.053063,0.015298,0.025609,0.293212,0.994922,1.0,0.989609,0.994297,5.0,6.0
24,2026-06-22 08:03:53,36.08,1.0,6,5,1.0,0.998677,0.004296,0.998788,0.003673,0.996447,0.998705,0.003758,1.0,0.017689,0.544641,14.013321,1.491864,-0.109397,0.014235,0.053977,0.040004,0.065902,0.055308,0.04883,0.417705,0.993972,0.999557,0.986968,0.992465,5.0,6.0,0.999072,0.003647,0.996912,0.005708,0.996021,0.999634,0.002151,1.0,0.003858,0.180708,13.23772,0.62504,-0.193016,0.014986,0.011216,0.017867,0.028142,0.011596,0.018714,0.242266,0.997656,1.0,0.996875,0.999219,5.0,6.0
25,2026-06-22 08:04:29,36.08,1.0,6,5,1.0,0.999349,0.002827,0.9991,0.002643,0.998015,0.999449,0.002539,1.0,0.016554,0.543471,12.457222,1.336612,-0.101446,0.007767,0.053798,0.038068,0.059262,0.055088,0.050675,0.379156,0.9957,0.999468,0.989495,0.993395,5.0,6.0,1.0,0.001588,0.998169,0.003861,0.998169,1.0,0.001295,1.0,0.003164,0.179726,11.175154,0.397836,-0.072493,0.006099,0.013349,0.022413,0.037764,0.015127,0.026163,0.223492,0.997266,1.0,0.992969,0.99375,5.0,6.0
26,2026-06-22 08:05:10,41.14,1.0,8,10,1.5,0.999661,0.001893,0.999654,0.001652,0.999093,0.999751,0.001686,1.0,0.016193,0.605227,11.052958,1.150556,-0.183675,0.003507,0.053276,0.032804,0.085985,0.054524,0.081666,0.479113,0.994335,0.999601,0.989504,0.993338,10.0,8.0,0.999939,0.000671,1.0,0.000585,0.999939,1.0,0.000444,1.0,0.003159,0.189136,11.257793,0.14672,-0.049643,0.000421,0.010595,0.024042,0.050214,0.011848,0.037279,0.269227,0.997344,1.0,0.994258,0.994648,10.0,8.0
27,2026-06-22 08:05:51,41.24,1.0,8,10,1.5,0.999501,0.001842,0.999661,0.001605,0.998615,0.999328,0.002125,1.0,0.016171,0.580459,10.521628,1.087268,-0.163588,0.006578,0.053053,0.027505,0.05747,0.054107,0.045174,0.402657,0.995585,0.999867,0.991206,0.994433,10.0,8.0,0.999939,0.000686,1.0,0.00071,0.999573,0.999634,0.001441,1.0,0.002757,0.168392,11.962497,0.13857,-0.182549,0.00109,0.009992,0.011697,0.011709,0.009896,0.010762,0.17994,0.999805,1.0,0.999609,0.999805,10.0,8.0
28,2026-06-22 08:06:33,41.18,1.0,8,10,1.5,0.999432,0.00195,0.999695,0.001548,0.998636,0.99937,0.001946,1.0,0.014747,0.545904,9.799069,1.054189,-0.115277,0.007011,0.053313,0.023876,0.048945,0.053826,0.03451,0.37058,0.997673,0.99949,0.994371,0.996166,10.0,8.0,0.999817,0.000902,0.999695,0.000614,0.999451,0.999939,0.000735,1.0,0.001773,0.151106,9.61477,0.142747,-0.094611,0.001273,0.010314,0.019693,0.019585,0.010876,0.026382,0.189708,0.998047,1.0,0.996875,0.997266,10.0,8.0
29,2026-06-22 08:07:14,41.2,1.0,8,10,1.5,0.999373,0.001672,0.999626,0.001642,0.998548,0.999377,0.001685,1.0,0.014248,0.543692,9.298055,0.925857,-0.211811,0.006934,0.053058,0.021582,0.049774,0.053873,0.045437,0.365277,0.996609,0.999623,0.994127,0.99652,10.0,8.0,0.997534,0.003825,0.998828,0.002271,0.994226,0.997253,0.004061,1.0,0.00205,0.148236,10.086919,0.651463,-0.04325,0.03289,0.00975,0.027533,0.044636,0.010595,0.04241,0.325187,0.998047,1.0,0.993906,0.993906,10.0,8.0
30,2026-06-22 08:07:55,41.08,1.0,8,10,1.5,0.999571,0.001981,0.999113,0.002302,0.998047,0.999273,0.002115,1.0,0.015907,0.536831,9.037451,0.990207,-0.159831,0.007526,0.053037,0.019195,0.045879,0.053847,0.032367,0.350088,0.997828,0.999557,0.994459,0.995988,10.0,8.0,0.999316,0.001335,0.999695,0.000773,0.999011,0.999878,0.000739,1.0,0.001169,0.129896,9.156338,0.1288,-0.140275,0.003867,0.008909,0.021345,0.056176,0.010804,0.043592,0.253722,0.998828,1.0,0.989648,0.99043,10.0,8.0
31,2026-06-22 08:08:36,41.12,1.0,8,10,1.5,0.998767,0.00248,0.99901,0.002515,0.997257,0.999307,0.002081,1.0,0.014714,0.52678,8.625334,0.953849,-0.199543,0.012286,0.052654,0.017787,0.049639,0.053319,0.035645,0.357867,0.996941,1.0,0.994238,0.99621,10.0,8.0,0.999817,0.001492,0.999268,0.00115,0.999023,0.999878,0.001132,1.0,0.002774,0.127687,9.270889,0.246542,0.010939,0.006377,0.008746,0.013359,0.00976,0.008978,0.005482,0.164419,0.999023,1.0,0.998047,0.999023,10.0,8.0
32,2026-06-22 08:09:17,41.2,1.0,8,10,1.5,0.998663,0.002292,0.999571,0.001829,0.99744,0.99904,0.002326,1.0,0.015094,0.523049,8.23019,0.918463,-0.201391,0.011698,0.052772,0.013552,0.028466,0.053122,0.022035,0.306449,0.997806,0.999778,0.996121,0.99785,10.0,8.0,0.999268,0.001176,0.999634,0.000884,0.998596,0.999695,0.001083,1.0,0.001431,0.117585,8.133889,0.194481,-0.094023,0.003893,0.00832,0.00866,0.005551,0.008118,0.005736,0.129874,1.0,1.0,0.999219,0.999219,10.0,8.0
33,2026-06-22 08:09:59,41.15,1.0,8,10,1.5,0.999359,0.001701,0.999424,0.001838,0.998281,0.999345,0.001747,1.0,0.014696,0.501464,7.981222,0.844531,-0.168975,0.006799,0.052728,0.015521,0.033911,0.052999,0.029917,0.307465,0.998249,0.999889,0.996188,0.997274,10.0,8.0,0.999841,0.00063,1.0,0.00092,0.999414,0.999573,0.000849,1.0,0.001006,0.102311,7.594334,0.12097,-0.113735,0.001792,0.009559,0.007077,0.007565,0.009686,0.008727,0.122038,0.999219,1.0,0.999023,0.999805,10.0,8.0
34,2026-06-22 08:10:40,41.27,1.0,8,10,1.5,0.999418,0.001409,0.999633,0.001355,0.998802,0.999668,0.001348,1.0,0.013,0.536065,7.469414,0.71887,-0.299784,0.005189,0.052459,0.013238,0.030346,0.052819,0.015258,0.2747,0.998183,1.0,0.996454,0.997762,10.0,8.0,0.999902,0.000563,0.999695,0.001311,0.999597,1.0,0.000819,1.0,0.00076,0.103047,6.837352,0.094773,-0.057481,0.001238,0.008489,0.008665,0.012834,0.00933,0.011917,0.126333,0.998828,1.0,0.998828,0.998828,10.0,8.0
35,2026-06-22 08:11:21,41.12,1.0,8,10,1.5,0.999868,0.000939,0.999578,0.001286,0.998933,0.999446,0.001367,1.0,0.012249,0.484073,7.084682,0.656896,-0.171835,0.004212,0.052509,0.00872,0.026422,0.052517,0.027901,0.26864,0.999025,0.999778,0.997717,0.998316,10.0,8.0,0.999939,0.000389,0.999805,0.000992,0.9995,0.999756,0.00079,1.0,0.000605,0.088933,6.5843,0.074408,-0.008802,0.001373,0.007445,0.004697,0.022456,0.007735,0.032057,0.149485,0.999414,1.0,0.996875,0.996875,10.0,8.0
36,2026-06-22 08:12:02,41.21,1.0,8,10,1.5,0.999751,0.000949,0.999785,0.000921,0.999107,0.999529,0.001164,1.0,0.012298,0.526915,6.576132,0.595627,-0.394411,0.004321,0.052236,0.011208,0.02224,0.052633,0.012951,0.240049,0.998271,1.0,0.997363,0.998781,10.0,8.0,0.999902,0.00035,1.0,0.000409,0.999414,0.999512,0.000513,1.0,0.00133,0.082727,7.100663,0.088572,-0.126881,0.001729,0.011739,0.003798,0.004431,0.011837,0.003944,0.105764,0.999805,1.0,0.999414,0.999609,10.0,8.0
37,2026-06-22 08:12:44,41.19,1.0,8,10,1.5,0.999515,0.001188,0.999522,0.001212,0.998705,0.999598,0.001164,1.0,0.011428,0.512106,6.694502,0.601298,-0.302399,0.006346,0.052334,0.012445,0.04778,0.053007,0.035377,0.304641,0.997097,1.0,0.995257,0.997363,10.0,8.0,1.0,0.000557,1.0,0.000502,0.999878,0.999878,0.000535,1.0,0.000773,0.08803,5.962736,0.053324,0.116645,0.000549,0.007452,0.003178,0.003207,0.007348,0.003195,0.095486,1.0,1.0,0.999609,0.999609,10.0,8.0
38,2026-06-22 08:13:25,41.13,1.0,8,10,1.5,0.999626,0.001087,0.999688,0.001132,0.998393,0.999023,0.001477,1.0,0.011933,0.516378,6.448717,0.635675,-0.324135,0.009197,0.052285,0.013255,0.035795,0.052844,0.028826,0.285634,0.997784,0.999867,0.995612,0.997407,10.0,8.0,0.999805,0.000407,0.999939,0.000451,0.999683,0.999939,0.000323,1.0,0.000407,0.084395,6.731295,0.074084,0.039177,0.000939,0.007227,0.002212,0.002793,0.00698,0.002499,0.097764,1.0,1.0,1.0,1.0,10.0,8.0
39,2026-06-22 08:14:06,41.27,1.0,8,10,1.5,0.999744,0.000818,0.999712,0.000977,0.999158,0.999674,0.000834,1.0,0.010988,0.522697,6.082062,0.503998,-0.365342,0.003426,0.052122,0.009061,0.020391,0.052405,0.016434,0.230125,0.999091,0.999801,0.997473,0.998138,10.0,8.0,0.999841,0.00049,0.999939,0.000401,0.99978,1.0,0.000174,1.0,0.000168,0.085086,5.677011,0.068549,0.036834,0.000604,0.007697,0.006641,0.005818,0.007768,0.00558,0.097318,1.0,1.0,0.998828,0.998828,10.0,8.0
40,2026-06-22 08:14:47,41.19,1.0,8,10,1.5,0.999715,0.000863,0.999889,0.000618,0.999514,0.999868,0.000592,1.0,0.010052,0.537701,5.844008,0.44011,-0.512822,0.001866,0.052018,0.007494,0.014048,0.052166,0.015009,0.205202,0.999402,0.999823,0.998715,0.999202,10.0,8.0,1.0,0.000306,1.0,0.000368,0.999939,0.999939,0.00019,1.0,0.000193,0.074891,6.185163,0.039661,-0.053945,0.000231,0.007447,0.003855,0.005433,0.007307,0.002196,0.08985,0.999414,1.0,0.999414,1.0,10.0,8.0
