epoch,timestamp,elapsed_s,kl_weight,curriculum_start_t_min,curriculum_horizon,curriculum_w_roll_pose,train_filter_col_acc,train_filter_col_entropy,train_filter_heading_acc,train_filter_heading_entropy,train_filter_joint_acc,train_filter_row_acc,train_filter_row_entropy,train_kl_weight,train_loss_collision,train_loss_context_stability,train_loss_kl_context,train_loss_kl_vfe,train_loss_pose,train_loss_recon,train_loss_roll_collision,train_loss_roll_pose,train_loss_roll_recon,train_loss_roll_stay,train_loss_total,train_roll_col_acc,train_roll_heading_acc,train_roll_joint_acc,train_roll_row_acc,train_rollout_horizon,train_rollout_start_t_min,val_filter_col_acc,val_filter_col_entropy,val_filter_heading_acc,val_filter_heading_entropy,val_filter_joint_acc,val_filter_row_acc,val_filter_row_entropy,val_kl_weight,val_loss_collision,val_loss_context_stability,val_loss_kl_context,val_loss_kl_vfe,val_loss_pose,val_loss_recon,val_loss_roll_collision,val_loss_roll_pose,val_loss_roll_recon,val_loss_roll_stay,val_loss_total,val_roll_col_acc,val_roll_heading_acc,val_roll_joint_acc,val_roll_row_acc,val_rollout_horizon,val_rollout_start_t_min
1,2026-06-19 17:37:16,93.3,0.2,4,3,0.5,0.581448,1.242712,0.525655,1.066266,0.226017,0.613574,1.113218,0.2,0.772523,0.506834,14.031288,14.972768,3.271468,0.201177,0.898594,4.224939,0.239946,0.607182,9.537476,0.526212,0.399054,0.107698,0.575739,3.0,4.0,0.825671,0.661459,0.814453,0.512439,0.548926,0.808179,0.565671,0.2,0.781706,0.234129,33.625005,28.624388,1.525101,0.106553,1.049248,3.292721,0.211686,0.909337,5.720373,0.640625,0.522526,0.126953,0.669141,3.0,4.0
2,2026-06-19 17:37:48,31.91,0.4,4,3,0.5,0.918523,0.37711,0.915772,0.310775,0.791192,0.922501,0.311506,0.4,0.492735,0.689497,41.458003,37.062959,0.717126,0.094908,0.707625,2.757218,0.207737,0.938679,3.968456,0.671232,0.566992,0.206664,0.713859,3.0,4.0,0.973682,0.133334,0.966125,0.114343,0.932495,0.983362,0.104031,0.4,0.15129,0.387518,58.536474,36.508898,0.249777,0.05629,0.44783,1.981663,0.167565,0.807456,2.465224,0.75625,0.726172,0.409375,0.771615,3.0,4.0
3,2026-06-19 17:38:20,32.15,0.6,4,3,0.5,0.989849,0.07812,0.990312,0.059403,0.972336,0.989266,0.065515,0.6,0.092892,0.732539,47.587032,28.192525,0.110484,0.079207,0.332337,1.521734,0.171366,0.661704,2.001118,0.78057,0.865618,0.53651,0.795966,3.0,4.0,0.989978,0.047755,0.978516,0.044748,0.964734,0.992346,0.034873,0.6,0.047062,0.436588,45.634638,19.182843,0.134327,0.040061,0.228929,1.082427,0.114878,0.382446,1.551412,0.846615,0.945964,0.657943,0.826302,3.0,4.0
4,2026-06-19 17:38:52,32.11,0.8,4,3,0.5,0.996059,0.03376,0.997358,0.020729,0.990186,0.996228,0.027079,0.8,0.04502,0.745483,40.035241,17.106052,0.040147,0.071968,0.206838,0.915704,0.129165,0.357794,1.392338,0.840189,0.971882,0.69081,0.854019,3.0,4.0,0.996704,0.025219,0.990405,0.021065,0.982898,0.994751,0.021486,0.8,0.022611,0.385096,39.352689,11.675982,0.061227,0.034299,0.121555,0.625682,0.067796,0.211755,1.080397,0.884766,0.980469,0.796224,0.916667,3.0,4.0
5,2026-06-19 17:39:25,32.2,1.0,4,3,0.5,0.998147,0.021514,0.998124,0.014205,0.994092,0.997512,0.017549,1.0,0.033733,0.720109,34.267466,12.137251,0.025018,0.067843,0.157711,0.727664,0.108451,0.292689,1.219048,0.867923,0.980201,0.747148,0.882772,3.0,4.0,0.995972,0.018048,0.996582,0.013098,0.991663,0.998132,0.014594,1.0,0.018794,0.410737,30.399607,7.484654,0.034479,0.027099,0.101596,0.549572,0.066849,0.251029,0.942026,0.897917,0.994792,0.814323,0.915755,3.0,4.0
6,2026-06-19 17:39:57,32.22,1.0,4,3,0.5,0.998816,0.014352,0.998781,0.009586,0.996052,0.998345,0.011708,1.0,0.026376,0.667298,31.19599,8.851753,0.016007,0.064526,0.130957,0.590032,0.099079,0.232136,1.005107,0.896572,0.988918,0.7918,0.896705,3.0,4.0,0.997986,0.013878,0.999146,0.006267,0.996338,0.999084,0.007135,1.0,0.01382,0.405729,27.050943,5.285225,0.015549,0.024192,0.199927,0.427759,0.074209,0.151783,0.764199,0.932422,0.989583,0.867318,0.940755,3.0,4.0
7,2026-06-19 17:40:30,32.49,1.0,4,3,0.5,0.999105,0.010781,0.999278,0.006766,0.997304,0.99881,0.009187,1.0,0.025091,0.671517,29.18832,6.777804,0.011567,0.062298,0.120029,0.476094,0.089239,0.192237,0.861249,0.915381,0.991194,0.840854,0.926359,3.0,4.0,0.999573,0.007613,0.999512,0.006508,0.998352,0.999268,0.005912,1.0,0.012481,0.347694,27.565613,3.517231,0.008468,0.023452,0.076957,0.284113,0.041732,0.091794,0.590468,0.945443,0.998047,0.89375,0.95026,3.0,4.0
8,2026-06-19 17:41:02,32.24,1.0,4,3,0.5,0.999197,0.00872,0.999446,0.005821,0.997943,0.999217,0.007414,1.0,0.021878,0.654688,26.824301,5.2816,0.009439,0.060242,0.101295,0.381,0.079935,0.148573,0.735122,0.93057,0.995567,0.874084,0.943218,3.0,4.0,0.999634,0.004265,0.999573,0.00273,0.998779,0.999512,0.003583,1.0,0.009957,0.318351,25.886883,2.438394,0.004291,0.019251,0.062385,0.238257,0.033938,0.115345,0.516794,0.962891,1.0,0.928906,0.962109,3.0,4.0
9,2026-06-19 17:41:35,32.26,1.0,4,3,0.5,0.999314,0.006908,0.999363,0.005094,0.997985,0.999259,0.006178,1.0,0.02102,0.644851,25.131497,4.238242,0.008365,0.05904,0.095713,0.319404,0.07488,0.136804,0.657429,0.944917,0.996158,0.899882,0.955482,3.0,4.0,0.999695,0.00481,0.999634,0.003109,0.998901,0.999512,0.003749,1.0,0.010881,0.303109,24.016685,1.789486,0.004593,0.019634,0.036935,0.187335,0.030608,0.058581,0.438578,0.968359,1.0,0.942188,0.972526,3.0,4.0
10,2026-06-19 17:42:07,32.32,1.0,4,3,0.5,0.999432,0.005922,0.999591,0.004219,0.998354,0.999276,0.005309,1.0,0.01971,0.64012,23.482762,3.453983,0.006793,0.058488,0.0765,0.271951,0.072986,0.112886,0.586225,0.956516,0.99638,0.919489,0.963268,3.0,4.0,0.999207,0.003384,0.999353,0.003469,0.998315,0.999634,0.003228,1.0,0.009003,0.287485,23.713313,1.333925,0.006553,0.017227,0.044824,0.131848,0.02704,0.045026,0.397752,0.983073,0.999349,0.96875,0.984375,3.0,4.0
11,2026-06-19 17:42:41,34.24,1.0,6,5,1.0,0.999501,0.005207,0.999571,0.003545,0.998753,0.999626,0.004388,1.0,0.017605,0.661374,26.282447,2.790188,0.005501,0.056443,0.132825,0.357263,0.072024,0.221841,0.999878,0.944805,0.997163,0.898493,0.950009,5.0,6.0,1.0,0.003068,0.999841,0.002066,0.999841,1.0,0.002266,1.0,0.009085,0.322188,27.797649,1.187102,0.001984,0.01613,0.062042,0.222054,0.022925,0.107203,0.666834,0.965859,0.999219,0.938906,0.971875,5.0,6.0
12,2026-06-19 17:43:16,34.34,1.0,6,5,1.0,0.999248,0.005367,0.99964,0.003525,0.998604,0.999647,0.004408,1.0,0.018691,0.637697,25.430765,2.752592,0.006207,0.056144,0.10533,0.283184,0.067428,0.17699,0.87728,0.955904,0.998715,0.921356,0.961596,5.0,6.0,0.999878,0.002571,0.999939,0.001538,0.999573,0.999756,0.002027,1.0,0.008566,0.33517,26.221203,1.110552,0.001927,0.015232,0.09382,0.212478,0.024366,0.145168,0.676134,0.968438,1.0,0.942734,0.973516,5.0,6.0
13,2026-06-19 17:43:50,34.27,1.0,6,5,1.0,0.999612,0.004799,0.999695,0.003067,0.998846,0.999532,0.004353,1.0,0.017638,0.613858,24.455097,2.576427,0.005208,0.055794,0.093141,0.230785,0.064044,0.141174,0.781034,0.968351,0.998715,0.939131,0.9682,5.0,6.0,1.0,0.002078,1.0,0.001343,0.999939,0.999939,0.001951,1.0,0.007554,0.319354,21.814564,0.862549,0.001323,0.014975,0.063507,0.219285,0.025224,0.168404,0.627584,0.963281,1.0,0.935313,0.967344,5.0,6.0
14,2026-06-19 17:44:25,34.3,1.0,6,5,1.0,0.999747,0.004157,0.999641,0.002967,0.999028,0.999612,0.004031,1.0,0.017695,0.597985,23.081378,2.37534,0.00439,0.055703,0.078362,0.203263,0.063165,0.137911,0.723042,0.971259,0.999202,0.946126,0.972606,5.0,6.0,0.999109,0.005953,0.991162,0.009199,0.990027,0.998596,0.005008,1.0,0.007671,0.306287,21.632012,1.751109,0.046389,0.014529,0.055836,0.199046,0.023783,0.156142,0.701241,0.979063,0.992969,0.954219,0.976328,5.0,6.0
15,2026-06-19 17:44:59,34.3,1.0,6,5,1.0,0.999314,0.00527,0.99955,0.003223,0.998082,0.999051,0.004754,1.0,0.01882,0.591997,21.758141,2.286503,0.007688,0.055443,0.076927,0.17074,0.062277,0.106259,0.664726,0.975842,0.999911,0.955913,0.978298,5.0,6.0,0.998853,0.004553,0.998608,0.00414,0.997241,0.999597,0.003085,1.0,0.006929,0.27489,21.307627,0.908667,0.009595,0.014327,0.051637,0.16691,0.022876,0.109729,0.5462,0.983594,1.0,0.96,0.974844,5.0,6.0
16,2026-06-19 17:45:33,34.28,1.0,6,5,1.0,0.99883,0.00569,0.998892,0.004368,0.99705,0.999148,0.004902,1.0,0.017097,0.592947,21.263393,2.232243,0.011475,0.055271,0.06753,0.153458,0.060437,0.116244,0.647852,0.982376,0.998316,0.963972,0.980949,5.0,6.0,0.991077,0.01432,0.981995,0.018651,0.971118,0.995813,0.014984,1.0,0.019005,0.288708,24.335771,3.189509,0.134166,0.014079,0.043682,0.153871,0.016571,0.237967,0.920073,0.985078,0.993359,0.970391,0.988438,5.0,6.0
17,2026-06-19 17:46:07,34.34,1.0,6,5,1.0,0.998227,0.007088,0.998677,0.005504,0.995595,0.998379,0.006328,1.0,0.017909,0.565058,21.417153,2.254448,0.01723,0.055428,0.060789,0.145431,0.0596,0.09024,0.634059,0.982934,0.999379,0.966888,0.98258,5.0,6.0,0.99978,0.002006,0.999756,0.003041,0.997949,0.998413,0.003132,1.0,0.007276,0.238903,19.641517,0.610612,0.007879,0.012227,0.031063,0.078497,0.015207,0.062224,0.389316,0.995703,1.0,0.985859,0.988984,5.0,6.0
18,2026-06-19 17:46:42,34.24,1.0,6,5,1.0,0.999338,0.004926,0.99853,0.005615,0.997023,0.999058,0.004832,1.0,0.017706,0.568402,19.237851,1.99432,0.011103,0.054517,0.055677,0.12034,0.058601,0.078199,0.560459,0.98484,0.999025,0.97172,0.986746,5.0,6.0,0.998865,0.003753,0.996606,0.007199,0.995532,0.999329,0.003325,1.0,0.005634,0.256468,19.191053,0.799734,0.018903,0.013035,0.029164,0.063137,0.014959,0.041514,0.38552,0.994531,1.0,0.988281,0.99375,5.0,6.0
19,2026-06-19 17:47:16,34.36,1.0,6,5,1.0,0.999023,0.004464,0.999307,0.00395,0.997666,0.99912,0.004259,1.0,0.016359,0.558414,18.022807,1.737325,0.009356,0.054504,0.055431,0.112849,0.057738,0.073003,0.527622,0.98969,0.999468,0.975638,0.985683,5.0,6.0,0.999097,0.001734,1.0,0.001196,0.999036,0.999939,0.001562,1.0,0.005436,0.241672,16.203476,0.40317,0.004196,0.019675,0.021511,0.056842,0.022233,0.034049,0.309865,0.994922,1.0,0.987891,0.992969,5.0,6.0
20,2026-06-19 17:47:51,34.27,1.0,6,5,1.0,0.999397,0.003659,0.999571,0.003097,0.998102,0.999086,0.004005,1.0,0.01552,0.542206,17.00837,1.642999,0.006881,0.054597,0.056443,0.105869,0.05793,0.093407,0.512641,0.98891,0.999291,0.976897,0.987057,5.0,6.0,0.999719,0.001947,0.998865,0.002657,0.998401,0.999817,0.001807,1.0,0.004555,0.222434,18.087234,0.450714,0.005212,0.010908,0.030739,0.04041,0.012354,0.029922,0.306292,0.997656,1.0,0.994922,0.996094,5.0,6.0
21,2026-06-19 17:48:25,34.29,1.0,6,5,1.0,0.999382,0.003432,0.999364,0.003127,0.998098,0.999278,0.003794,1.0,0.016886,0.533425,16.372403,1.599938,0.007055,0.053893,0.048284,0.089679,0.056295,0.060621,0.467466,0.989761,0.999025,0.98156,0.991755,5.0,6.0,0.999658,0.001966,0.999841,0.002138,0.999255,0.999658,0.002232,1.0,0.004809,0.208475,14.117678,0.427408,0.00274,0.010773,0.032222,0.031842,0.011539,0.020698,0.246953,0.999609,1.0,0.996094,0.996484,5.0,6.0
22,2026-06-19 17:48:59,34.34,1.0,6,5,1.0,0.999248,0.003589,0.999086,0.003176,0.997484,0.998999,0.003862,1.0,0.017217,0.52926,14.970286,1.533476,0.009823,0.0541,0.042722,0.073571,0.055893,0.053989,0.435031,0.993768,0.99969,0.986046,0.991835,5.0,6.0,0.99978,0.001901,0.99978,0.002266,0.99895,0.99939,0.002343,1.0,0.005957,0.208992,12.519374,0.380295,0.004619,0.01185,0.025107,0.036076,0.012998,0.03745,0.244502,0.997656,1.0,0.996094,0.997656,5.0,6.0
23,2026-06-19 17:49:34,34.29,1.0,6,5,1.0,0.99909,0.003686,0.998929,0.003366,0.997264,0.999095,0.003914,1.0,0.017609,0.509267,13.971287,1.499881,0.010501,0.054363,0.042201,0.068084,0.055947,0.058511,0.420517,0.994016,0.999645,0.986968,0.99242,5.0,6.0,0.99917,0.002442,0.999695,0.002606,0.996204,0.997339,0.002844,1.0,0.004792,0.183701,14.713056,0.495274,0.019424,0.012149,0.017969,0.02288,0.012216,0.019653,0.269565,1.0,1.0,0.998203,0.998203,5.0,6.0
24,2026-06-19 17:50:08,34.45,1.0,6,5,1.0,0.999328,0.00303,0.999342,0.002964,0.997804,0.999051,0.003182,1.0,0.015561,0.504517,13.134487,1.306906,0.008831,0.054541,0.040642,0.070102,0.056011,0.04443,0.398179,0.993307,0.999601,0.98781,0.994282,5.0,6.0,0.999841,0.001305,0.999817,0.001279,0.998071,0.998291,0.002556,1.0,0.004321,0.179174,13.109462,0.32407,0.009894,0.011244,0.034374,0.036042,0.01334,0.044555,0.264376,0.996484,1.0,0.994922,0.997266,5.0,6.0
25,2026-06-19 17:50:43,34.32,1.0,6,5,1.0,0.998888,0.003407,0.998895,0.003072,0.99682,0.998753,0.002993,1.0,0.015353,0.496185,11.962234,1.314739,0.013523,0.053496,0.033471,0.0566,0.05462,0.04267,0.375917,0.995168,0.999557,0.989805,0.994282,5.0,6.0,0.998376,0.00403,0.999573,0.002742,0.997949,0.999939,0.001181,1.0,0.003598,0.167863,11.459452,0.384017,0.007846,0.011501,0.027948,0.045801,0.013363,0.033014,0.244547,0.996484,1.0,0.990234,0.992969,5.0,6.0
26,2026-06-19 17:51:22,39.16,1.0,8,10,1.5,0.999349,0.002586,0.998975,0.003442,0.997951,0.999496,0.002102,1.0,0.017258,0.530589,11.64037,1.149985,0.008232,0.053401,0.034401,0.07362,0.05474,0.069502,0.470215,0.99469,0.999579,0.989796,0.993874,10.0,8.0,0.999561,0.001557,1.0,0.000817,0.9995,0.999939,0.00066,1.0,0.002686,0.195184,11.347828,0.21006,0.001806,0.011521,0.021521,0.039612,0.01253,0.037815,0.260694,0.998203,1.0,0.993281,0.994688,10.0,8.0
27,2026-06-19 17:52:01,39.21,1.0,8,10,1.5,0.999553,0.001849,0.999594,0.001656,0.998618,0.999328,0.00198,1.0,0.014131,0.508955,10.532375,1.02835,0.006132,0.054036,0.027942,0.052588,0.054947,0.034928,0.387553,0.996254,0.999823,0.992531,0.995567,10.0,8.0,1.0,0.00102,0.999878,0.000916,0.999451,0.999573,0.001459,1.0,0.003187,0.153947,9.684659,0.131785,0.001443,0.01018,0.015225,0.016034,0.010391,0.013269,0.177023,0.999609,1.0,0.997461,0.997852,10.0,8.0
28,2026-06-19 17:52:40,39.14,1.0,8,10,1.5,0.999107,0.002683,0.999439,0.002148,0.997964,0.99928,0.002444,1.0,0.01306,0.491016,10.281689,1.04459,0.008441,0.053389,0.027971,0.064628,0.054434,0.048945,0.415759,0.995944,0.999823,0.991068,0.993861,10.0,8.0,0.999841,0.001149,0.999512,0.001616,0.998987,0.999573,0.001476,1.0,0.002182,0.155,9.419977,0.212844,0.003377,0.011996,0.013648,0.015698,0.012333,0.011718,0.179184,0.999609,1.0,0.998438,0.998438,10.0,8.0
29,2026-06-19 17:53:20,39.28,1.0,8,10,1.5,0.999432,0.001758,0.999359,0.002108,0.998264,0.999321,0.002066,1.0,0.013324,0.477382,9.342725,1.040866,0.007831,0.052889,0.022357,0.056015,0.053778,0.051258,0.387653,0.996254,0.999047,0.992442,0.995434,10.0,8.0,0.999719,0.002245,0.999756,0.002132,0.997986,0.99845,0.003152,1.0,0.002031,0.150619,9.653938,0.217858,0.009982,0.009123,0.018098,0.049138,0.009622,0.042374,0.26737,0.995508,1.0,0.993945,0.99668,10.0,8.0
30,2026-06-19 17:53:59,39.25,1.0,8,10,1.5,0.998911,0.003001,0.999356,0.002605,0.997194,0.998871,0.002999,1.0,0.016122,0.471457,9.216676,1.050468,0.011043,0.052977,0.018831,0.048191,0.053405,0.050425,0.378016,0.996786,0.999778,0.994193,0.996299,10.0,8.0,0.999561,0.001181,1.0,0.000867,0.998645,0.999084,0.001708,1.0,0.002208,0.134741,8.875385,0.173051,0.00544,0.009266,0.009819,0.025667,0.010041,0.021949,0.191721,0.999414,1.0,0.994922,0.995508,10.0,8.0
31,2026-06-19 17:54:38,39.19,1.0,8,10,1.5,0.999303,0.00249,0.998726,0.00274,0.997343,0.99912,0.00247,1.0,0.013214,0.448059,8.685431,1.044059,0.011906,0.053112,0.019802,0.064723,0.053889,0.058097,0.4028,0.996254,0.999335,0.993816,0.996321,10.0,8.0,0.997998,0.002111,0.998987,0.001874,0.99635,0.999084,0.001783,1.0,0.00108,0.126207,9.093503,0.397629,0.018947,0.00896,0.0066,0.010646,0.008698,0.028599,0.2031,0.998828,1.0,0.998828,0.999609,10.0,8.0
32,2026-06-19 17:55:17,39.23,1.0,8,10,1.5,0.999661,0.001365,0.999598,0.001655,0.998933,0.999605,0.001332,1.0,0.012951,0.437119,8.092587,0.794038,0.004575,0.052417,0.01329,0.024575,0.052682,0.018362,0.279875,0.998027,1.0,0.997363,0.998825,10.0,8.0,0.999475,0.000771,0.999939,0.000736,0.999414,1.0,0.000361,1.0,0.001321,0.108183,8.023669,0.104208,0.002043,0.008573,0.005366,0.007604,0.008731,0.00506,0.127681,0.999609,1.0,0.999219,0.999219,10.0,8.0
33,2026-06-19 17:55:56,39.17,1.0,8,10,1.5,0.999771,0.000969,0.999917,0.000893,0.999481,0.999716,0.000912,1.0,0.012589,0.421589,7.83703,0.694969,0.004416,0.052573,0.019739,0.039074,0.053226,0.026278,0.306366,0.99723,1.0,0.994605,0.996755,10.0,8.0,0.999902,0.000312,1.0,0.000217,0.999902,1.0,0.000267,1.0,0.001229,0.107495,7.437373,0.07176,0.000466,0.00911,0.005792,0.008318,0.009492,0.008194,0.1225,0.999805,1.0,0.999023,0.999023,10.0,8.0
34,2026-06-19 17:56:36,39.27,1.0,8,10,1.5,0.999758,0.000991,0.999857,0.00082,0.999062,0.999388,0.000936,1.0,0.012055,0.415149,7.458515,0.65822,0.005584,0.052364,0.014497,0.035875,0.052929,0.024871,0.293266,0.997473,1.0,0.995523,0.997097,10.0,8.0,0.997803,0.003266,0.998193,0.003348,0.9875,0.990527,0.005033,1.0,0.002255,0.114932,6.835804,0.655658,0.072019,0.010323,0.01265,0.043714,0.008717,0.057034,0.367213,0.998828,1.0,0.995508,0.995508,10.0,8.0
35,2026-06-19 17:57:15,39.2,1.0,8,10,1.5,0.99903,0.002023,0.999397,0.001866,0.997583,0.99903,0.001989,1.0,0.012633,0.411233,7.280552,0.791733,0.011234,0.052701,0.01516,0.045323,0.053129,0.037666,0.329822,0.997917,1.0,0.995279,0.996476,10.0,8.0,0.999536,0.001474,0.999756,0.001093,0.997766,0.998474,0.001664,1.0,0.000854,0.102534,7.165061,0.222733,0.011271,0.010849,0.00621,0.017981,0.010965,0.027657,0.175177,0.999023,1.0,0.998047,0.998047,10.0,8.0
36,2026-06-19 17:57:54,39.21,1.0,8,10,1.5,0.999137,0.001896,0.999467,0.00177,0.997807,0.999017,0.001825,1.0,0.012311,0.397762,6.867022,0.785234,0.010336,0.052482,0.010468,0.02131,0.052621,0.012246,0.263223,0.998382,1.0,0.997451,0.998604,10.0,8.0,0.999597,0.000943,0.999695,0.000909,0.997644,0.998071,0.002908,1.0,0.000318,0.090431,6.533826,0.217921,0.008557,0.008115,0.008087,0.02629,0.008472,0.035397,0.178409,0.999023,1.0,0.997656,0.997656,10.0,8.0
37,2026-06-19 17:58:34,39.29,1.0,8,10,1.5,0.999647,0.001136,0.999421,0.001804,0.998084,0.998947,0.001753,1.0,0.011867,0.391892,6.747572,0.70167,0.008162,0.052325,0.011672,0.03691,0.052732,0.033613,0.295622,0.998293,0.999778,0.996875,0.997695,10.0,8.0,0.999805,0.000381,1.0,0.000653,0.999744,0.999939,0.000482,1.0,0.000872,0.07972,6.114786,0.100998,0.000984,0.00795,0.004394,0.004421,0.008069,0.004651,0.096811,1.0,1.0,0.999609,0.999609,10.0,8.0
38,2026-06-19 17:59:13,39.24,1.0,8,10,1.5,0.999952,0.000525,0.99982,0.000801,0.999591,0.999799,0.000681,1.0,0.010886,0.376333,6.284829,0.505211,0.001674,0.052141,0.011631,0.030882,0.052641,0.026723,0.257838,0.997784,1.0,0.996964,0.998404,10.0,8.0,0.999756,0.000511,0.999939,0.000271,0.999695,1.0,0.000133,1.0,0.000914,0.077106,6.364323,0.067092,0.00083,0.007341,0.001728,0.002447,0.007143,0.002268,0.090325,1.0,1.0,1.0,1.0,10.0,8.0
39,2026-06-19 17:59:52,39.24,1.0,8,10,1.5,0.99955,0.001285,0.999855,0.000808,0.998907,0.999468,0.000853,1.0,0.010895,0.373925,5.985985,0.536894,0.005516,0.052115,0.008285,0.01363,0.052295,0.013432,0.224302,0.999335,0.999978,0.998493,0.998958,10.0,8.0,0.999658,0.000485,0.999817,0.00044,0.999475,1.0,0.000145,1.0,0.000705,0.071182,5.981897,0.076706,0.001224,0.007336,0.007251,0.015051,0.007756,0.010405,0.116435,0.999023,1.0,0.997461,0.998047,10.0,8.0
40,2026-06-19 18:00:31,39.25,1.0,8,10,1.5,0.999705,0.000997,0.999799,0.000756,0.999122,0.9995,0.000797,1.0,0.009437,0.359751,5.959859,0.515695,0.005018,0.052054,0.012723,0.038798,0.052524,0.038159,0.280535,0.998426,0.999601,0.997052,0.998116,10.0,8.0,0.999744,0.000618,1.0,0.000447,0.999683,0.999939,0.000211,1.0,0.00122,0.084955,5.359043,0.087078,0.00099,0.007397,0.005812,0.005611,0.007434,0.007412,0.093783,1.0,1.0,0.999609,0.999609,10.0,8.0
